{
       "10_2**13":707.7218428845053,
       "10_2**14":825.5104958438739,
       "10_2**15":878.0156510637312
}
