{ "10_2**13": 617.153038777312,
  "10_2**14": 704.1285428100425,
  "10_2**15": 739.7375922316535 }
