{ "10_2**13":517.6762229364576,
  "10_2**14":556.2207039205765,
  "10_2**15":672.7973508328704 }
