{
	"10_2**13":663.0382669327936,
	"10_2**14":806.0679988074271,
	"10_2**15":884.5543224381104
}
