{
	"10_2**13":738.1863681289271,
       	"10_2**14":917.7817161260402, 
	"10_2**15":1021.4140555417394
}
